variant,truth_valued,answered,correct,wrong,missing,abstained_conflict,must_abstain_fields,false_positive,abstained_correctly,accuracy,completeness,correct_over_truth_valued,mae_m_length_fields,n_mae,mape_pct_all_numeric,median_ape_pct,n_mape,confident_answers,confident_wrong,confident_wrong_rate,wrong_flagged_or_low,wrong_caught_rate,false_positive_rate_on_must_abstain,axis_swapped,runs_ok,runs_failed_or_timeout,internal_timeouts,mean_seconds,max_seconds
pdf_native_only,84,53,51,2,31,0,10,0,10,0.9622641509433962,0.6309523809523809,0.6071428571428571,0.14015641025641024,39,0.9169807692307693,0.0,52,51,0,0.0,2,1.0,0.0,0,8,0,0,4.737499999999999,13.8
pdf_native_ocr,84,65,63,2,19,0,10,0,10,0.9692307692307692,0.7738095238095238,0.75,0.11691458333333332,48,0.8740625000000001,0.0,64,63,0,0.0,2,1.0,0.0,0,8,0,0,15.737499999999999,102.6
pdf_hybrid,84,80,78,2,4,0,10,4,6,0.975,0.9523809523809523,0.9285714285714286,0.11691458333333332,48,0.7362236842105264,0.0,76,77,0,0.0,2,1.0,0.4,0,8,0,0,20.6375,105.9
pdf_legacy_resolver,84,50,15,35,31,3,10,4,6,0.3,0.5952380952380952,0.17857142857142858,14.15703846153846,26,267.5056595744681,71.157,47,49,35,0.7142857142857143,0,0.0,0.4,0,8,0,0,20.575,105.4
pdf_evidence_decision,84,80,78,2,4,0,10,0,10,0.975,0.9523809523809523,0.9285714285714286,0.11691458333333332,48,0.7362236842105264,0.0,76,68,2,0.029411764705882353,0,0.0,0.0,0,8,0,0,21.075000000000003,108.2
dxf_hybrid,84,52,5,47,32,0,10,0,10,0.09615384615384616,0.6190476190476191,0.05952380952380952,3.148278787878788,33,60.42058823529411,48.132,51,2,0,0.0,47,1.0,0.0,0,8,0,0,46.724999999999994,86.8
dxf_evidence_decision,84,33,4,29,51,0,10,0,10,0.12121212121212122,0.39285714285714285,0.047619047619047616,2.1246428571428573,21,51.46384375000001,29.859,32,2,0,0.0,29,1.0,0.0,0,8,0,0,47.762499999999996,86.5
pdf_dxf_reconciled,84,80,78,2,4,0,10,4,6,0.975,0.9523809523809523,0.9285714285714286,0.11691458333333332,48,0.7362236842105264,0.0,76,32,0,0.0,2,1.0,0.4,0,8,0,0,,
pdf_hybrid_vlm_api,84,60,56,4,11,13,10,5,5,0.9333333333333333,0.7142857142857143,0.6666666666666666,0.17493225806451612,31,2.5862456140350867,0.0,57,59,4,0.06779661016949153,2,0.5,0.5,0,8,0,0,107.9625,252.3
