unit,development_area,variant,gt_decidable,correct,false_pass,false_fail,review,insufficient_data,conflict,applicability_flip,decision_accuracy_over_gt_decidable,decision_accuracy_when_decided,abstention_rate,gt_undecidable,spurious_applicability
rule,A,dxf_evidence_decision,32,0,0,0,6,16,0,10,0.0,,0.6875,141,103
rule,A,dxf_evidence_decision__ungated,32,3,3,0,0,16,0,10,0.09375,0.5,0.5,141,103
rule,A,dxf_hybrid,32,0,0,0,11,5,0,16,0.0,,0.5,141,41
rule,A,dxf_hybrid__ungated,32,5,6,0,0,5,0,16,0.15625,0.45454545454545453,0.15625,141,41
rule,A,pdf_dxf_reconciled,32,31,0,1,0,0,0,0,0.96875,0.96875,0.0,141,8
rule,A,pdf_dxf_reconciled__flag_as_conflict,32,2,0,0,0,24,6,0,0.0625,1.0,0.9375,141,162
rule,A,pdf_evidence_decision,32,21,0,0,11,0,0,0,0.65625,1.0,0.34375,141,8
rule,A,pdf_evidence_decision__ungated,32,31,0,1,0,0,0,0,0.96875,0.96875,0.0,141,8
rule,A,pdf_hybrid,32,31,0,1,0,0,0,0,0.96875,0.96875,0.0,141,8
rule,A,pdf_hybrid__ungated,32,31,0,1,0,0,0,0,0.96875,0.96875,0.0,141,8
rule,A,pdf_hybrid_vlm_api,32,17,0,0,0,14,1,0,0.53125,1.0,0.46875,141,64
rule,A,pdf_legacy_resolver,32,2,2,0,0,8,1,19,0.0625,0.5,0.28125,141,78
rule,A,pdf_native_ocr,32,25,0,1,0,6,0,0,0.78125,0.9615384615384616,0.1875,141,39
rule,A,pdf_native_only,32,20,0,1,0,11,0,0,0.625,0.9523809523809523,0.34375,141,65
rule,A,vlm_replay_cv_priority,32,31,0,1,0,0,0,0,0.96875,0.96875,0.0,141,2
rule,A,vlm_replay_grounded_only,32,21,0,0,0,10,1,0,0.65625,1.0,0.34375,141,46
rule,A,vlm_replay_no_region_floor,32,31,0,1,0,0,0,0,0.96875,0.96875,0.0,141,8
rule,A,vlm_replay_tol5,32,20,0,1,0,10,1,0,0.625,0.9523809523809523,0.34375,141,46
rule,A,vlm_replay_vlm_only_low,32,31,0,1,0,0,0,0,0.96875,0.96875,0.0,141,2
rule,B,dxf_evidence_decision,32,0,0,0,6,16,0,10,0.0,,0.6875,141,103
rule,B,dxf_evidence_decision__ungated,32,3,3,0,0,16,0,10,0.09375,0.5,0.5,141,103
rule,B,dxf_hybrid,32,0,0,0,11,5,0,16,0.0,,0.5,141,41
rule,B,dxf_hybrid__ungated,32,5,6,0,0,5,0,16,0.15625,0.45454545454545453,0.15625,141,41
rule,B,pdf_dxf_reconciled,32,31,0,1,0,0,0,0,0.96875,0.96875,0.0,141,8
rule,B,pdf_dxf_reconciled__flag_as_conflict,32,2,0,0,0,24,6,0,0.0625,1.0,0.9375,141,162
rule,B,pdf_evidence_decision,32,21,0,0,11,0,0,0,0.65625,1.0,0.34375,141,8
rule,B,pdf_evidence_decision__ungated,32,31,0,1,0,0,0,0,0.96875,0.96875,0.0,141,8
rule,B,pdf_hybrid,32,31,0,1,0,0,0,0,0.96875,0.96875,0.0,141,8
rule,B,pdf_hybrid__ungated,32,31,0,1,0,0,0,0,0.96875,0.96875,0.0,141,8
rule,B,pdf_hybrid_vlm_api,32,17,0,0,0,14,1,0,0.53125,1.0,0.46875,141,64
rule,B,pdf_legacy_resolver,32,2,2,0,0,8,1,19,0.0625,0.5,0.28125,141,78
rule,B,pdf_native_ocr,32,25,0,1,0,6,0,0,0.78125,0.9615384615384616,0.1875,141,39
rule,B,pdf_native_only,32,20,0,1,0,11,0,0,0.625,0.9523809523809523,0.34375,141,65
rule,B,vlm_replay_cv_priority,32,31,0,1,0,0,0,0,0.96875,0.96875,0.0,141,2
rule,B,vlm_replay_grounded_only,32,21,0,0,0,10,1,0,0.65625,1.0,0.34375,141,46
rule,B,vlm_replay_no_region_floor,32,31,0,1,0,0,0,0,0.96875,0.96875,0.0,141,8
rule,B,vlm_replay_tol5,32,20,0,1,0,10,1,0,0.625,0.9523809523809523,0.34375,141,46
rule,B,vlm_replay_vlm_only_low,32,31,0,1,0,0,0,0,0.96875,0.96875,0.0,141,2
rule,C,dxf_evidence_decision,32,0,0,0,6,16,0,10,0.0,,0.6875,141,103
rule,C,dxf_evidence_decision__ungated,32,3,3,0,0,16,0,10,0.09375,0.5,0.5,141,103
rule,C,dxf_hybrid,32,0,0,0,11,5,0,16,0.0,,0.5,141,41
rule,C,dxf_hybrid__ungated,32,5,6,0,0,5,0,16,0.15625,0.45454545454545453,0.15625,141,41
rule,C,pdf_dxf_reconciled,32,31,0,1,0,0,0,0,0.96875,0.96875,0.0,141,8
rule,C,pdf_dxf_reconciled__flag_as_conflict,32,2,0,0,0,24,6,0,0.0625,1.0,0.9375,141,162
rule,C,pdf_evidence_decision,32,21,0,0,11,0,0,0,0.65625,1.0,0.34375,141,8
rule,C,pdf_evidence_decision__ungated,32,31,0,1,0,0,0,0,0.96875,0.96875,0.0,141,8
rule,C,pdf_hybrid,32,31,0,1,0,0,0,0,0.96875,0.96875,0.0,141,8
rule,C,pdf_hybrid__ungated,32,31,0,1,0,0,0,0,0.96875,0.96875,0.0,141,8
rule,C,pdf_hybrid_vlm_api,32,17,0,0,0,14,1,0,0.53125,1.0,0.46875,141,64
rule,C,pdf_legacy_resolver,32,2,2,0,0,8,1,19,0.0625,0.5,0.28125,141,78
rule,C,pdf_native_ocr,32,25,0,1,0,6,0,0,0.78125,0.9615384615384616,0.1875,141,39
rule,C,pdf_native_only,32,20,0,1,0,11,0,0,0.625,0.9523809523809523,0.34375,141,65
rule,C,vlm_replay_cv_priority,32,31,0,1,0,0,0,0,0.96875,0.96875,0.0,141,2
rule,C,vlm_replay_grounded_only,32,21,0,0,0,10,1,0,0.65625,1.0,0.34375,141,46
rule,C,vlm_replay_no_region_floor,32,31,0,1,0,0,0,0,0.96875,0.96875,0.0,141,8
rule,C,vlm_replay_tol5,32,20,0,1,0,10,1,0,0.625,0.9523809523809523,0.34375,141,46
rule,C,vlm_replay_vlm_only_low,32,31,0,1,0,0,0,0,0.96875,0.96875,0.0,141,2
requirement,A,dxf_evidence_decision,31,0,0,0,10,19,0,2,0.0,,0.9354838709677419,20,21
requirement,A,dxf_evidence_decision__ungated,31,8,4,0,0,17,0,2,0.25806451612903225,0.6666666666666666,0.5483870967741935,20,21
requirement,A,dxf_hybrid,31,0,0,0,16,12,0,3,0.0,,0.9032258064516129,20,21
requirement,A,dxf_hybrid__ungated,31,12,6,0,0,10,0,3,0.3870967741935484,0.6666666666666666,0.3225806451612903,20,21
requirement,A,pdf_dxf_reconciled,31,30,0,1,0,0,0,0,0.967741935483871,0.967741935483871,0.0,20,6
requirement,A,pdf_dxf_reconciled__flag_as_conflict,31,2,0,0,0,23,6,0,0.06451612903225806,1.0,0.9354838709677419,20,6
requirement,A,pdf_evidence_decision,31,21,0,0,8,2,0,0,0.6774193548387096,1.0,0.3225806451612903,20,6
requirement,A,pdf_evidence_decision__ungated,31,30,0,1,0,0,0,0,0.967741935483871,0.967741935483871,0.0,20,6
requirement,A,pdf_hybrid,31,30,0,1,0,0,0,0,0.967741935483871,0.967741935483871,0.0,20,6
requirement,A,pdf_hybrid__ungated,31,30,0,1,0,0,0,0,0.967741935483871,0.967741935483871,0.0,20,6
requirement,A,pdf_hybrid_vlm_api,31,18,0,0,0,12,1,0,0.5806451612903226,1.0,0.41935483870967744,20,0
requirement,A,pdf_legacy_resolver,31,4,7,0,0,15,1,4,0.12903225806451613,0.36363636363636365,0.5161290322580645,20,6
requirement,A,pdf_native_ocr,31,24,0,1,0,6,0,0,0.7741935483870968,0.96,0.1935483870967742,20,21
requirement,A,pdf_native_only,31,20,0,1,0,10,0,0,0.6451612903225806,0.9523809523809523,0.3225806451612903,20,21
requirement,A,vlm_replay_cv_priority,31,30,0,1,0,0,0,0,0.967741935483871,0.967741935483871,0.0,20,0
requirement,A,vlm_replay_grounded_only,31,21,0,0,0,9,1,0,0.6774193548387096,1.0,0.3225806451612903,20,0
requirement,A,vlm_replay_no_region_floor,31,30,0,1,0,0,0,0,0.967741935483871,0.967741935483871,0.0,20,6
requirement,A,vlm_replay_tol5,31,21,0,1,0,8,1,0,0.6774193548387096,0.9545454545454546,0.2903225806451613,20,0
requirement,A,vlm_replay_vlm_only_low,31,30,0,1,0,0,0,0,0.967741935483871,0.967741935483871,0.0,20,0
requirement,B,dxf_evidence_decision,31,0,0,0,10,19,0,2,0.0,,0.9354838709677419,20,21
requirement,B,dxf_evidence_decision__ungated,31,8,4,0,0,17,0,2,0.25806451612903225,0.6666666666666666,0.5483870967741935,20,21
requirement,B,dxf_hybrid,31,0,0,0,16,12,0,3,0.0,,0.9032258064516129,20,21
requirement,B,dxf_hybrid__ungated,31,12,6,0,0,10,0,3,0.3870967741935484,0.6666666666666666,0.3225806451612903,20,21
requirement,B,pdf_dxf_reconciled,31,30,0,1,0,0,0,0,0.967741935483871,0.967741935483871,0.0,20,6
requirement,B,pdf_dxf_reconciled__flag_as_conflict,31,2,0,0,0,23,6,0,0.06451612903225806,1.0,0.9354838709677419,20,6
requirement,B,pdf_evidence_decision,31,21,0,0,8,2,0,0,0.6774193548387096,1.0,0.3225806451612903,20,6
requirement,B,pdf_evidence_decision__ungated,31,30,0,1,0,0,0,0,0.967741935483871,0.967741935483871,0.0,20,6
requirement,B,pdf_hybrid,31,30,0,1,0,0,0,0,0.967741935483871,0.967741935483871,0.0,20,6
requirement,B,pdf_hybrid__ungated,31,30,0,1,0,0,0,0,0.967741935483871,0.967741935483871,0.0,20,6
requirement,B,pdf_hybrid_vlm_api,31,18,0,0,0,12,1,0,0.5806451612903226,1.0,0.41935483870967744,20,0
requirement,B,pdf_legacy_resolver,31,4,7,0,0,15,1,4,0.12903225806451613,0.36363636363636365,0.5161290322580645,20,6
requirement,B,pdf_native_ocr,31,24,0,1,0,6,0,0,0.7741935483870968,0.96,0.1935483870967742,20,21
requirement,B,pdf_native_only,31,20,0,1,0,10,0,0,0.6451612903225806,0.9523809523809523,0.3225806451612903,20,21
requirement,B,vlm_replay_cv_priority,31,30,0,1,0,0,0,0,0.967741935483871,0.967741935483871,0.0,20,0
requirement,B,vlm_replay_grounded_only,31,21,0,0,0,9,1,0,0.6774193548387096,1.0,0.3225806451612903,20,0
requirement,B,vlm_replay_no_region_floor,31,30,0,1,0,0,0,0,0.967741935483871,0.967741935483871,0.0,20,6
requirement,B,vlm_replay_tol5,31,21,0,1,0,8,1,0,0.6774193548387096,0.9545454545454546,0.2903225806451613,20,0
requirement,B,vlm_replay_vlm_only_low,31,30,0,1,0,0,0,0,0.967741935483871,0.967741935483871,0.0,20,0
requirement,C,dxf_evidence_decision,31,0,0,0,10,19,0,2,0.0,,0.9354838709677419,20,21
requirement,C,dxf_evidence_decision__ungated,31,8,4,0,0,17,0,2,0.25806451612903225,0.6666666666666666,0.5483870967741935,20,21
requirement,C,dxf_hybrid,31,0,0,0,16,12,0,3,0.0,,0.9032258064516129,20,21
requirement,C,dxf_hybrid__ungated,31,12,6,0,0,10,0,3,0.3870967741935484,0.6666666666666666,0.3225806451612903,20,21
requirement,C,pdf_dxf_reconciled,31,30,0,1,0,0,0,0,0.967741935483871,0.967741935483871,0.0,20,6
requirement,C,pdf_dxf_reconciled__flag_as_conflict,31,2,0,0,0,23,6,0,0.06451612903225806,1.0,0.9354838709677419,20,6
requirement,C,pdf_evidence_decision,31,21,0,0,8,2,0,0,0.6774193548387096,1.0,0.3225806451612903,20,6
requirement,C,pdf_evidence_decision__ungated,31,30,0,1,0,0,0,0,0.967741935483871,0.967741935483871,0.0,20,6
requirement,C,pdf_hybrid,31,30,0,1,0,0,0,0,0.967741935483871,0.967741935483871,0.0,20,6
requirement,C,pdf_hybrid__ungated,31,30,0,1,0,0,0,0,0.967741935483871,0.967741935483871,0.0,20,6
requirement,C,pdf_hybrid_vlm_api,31,18,0,0,0,12,1,0,0.5806451612903226,1.0,0.41935483870967744,20,0
requirement,C,pdf_legacy_resolver,31,4,7,0,0,15,1,4,0.12903225806451613,0.36363636363636365,0.5161290322580645,20,6
requirement,C,pdf_native_ocr,31,24,0,1,0,6,0,0,0.7741935483870968,0.96,0.1935483870967742,20,21
requirement,C,pdf_native_only,31,20,0,1,0,10,0,0,0.6451612903225806,0.9523809523809523,0.3225806451612903,20,21
requirement,C,vlm_replay_cv_priority,31,30,0,1,0,0,0,0,0.967741935483871,0.967741935483871,0.0,20,0
requirement,C,vlm_replay_grounded_only,31,21,0,0,0,9,1,0,0.6774193548387096,1.0,0.3225806451612903,20,0
requirement,C,vlm_replay_no_region_floor,31,30,0,1,0,0,0,0,0.967741935483871,0.967741935483871,0.0,20,6
requirement,C,vlm_replay_tol5,31,21,0,1,0,8,1,0,0.6774193548387096,0.9545454545454546,0.2903225806451613,20,0
requirement,C,vlm_replay_vlm_only_low,31,30,0,1,0,0,0,0,0.967741935483871,0.967741935483871,0.0,20,0
