plan,field,truth,tier,scored,must_abstain
PLAN1,plot.width,12.19,printed,True,False
PLAN1,plot.depth,9.14,printed,True,False
PLAN1,plot.area,111.4166,derived,True,False
PLAN1,building.width,11.72,printed,True,False
PLAN1,building.depth,8.22,printed,True,False
PLAN1,building.footprint_area,96.34,printed,True,False
PLAN1,building.floor_count,4,printed,True,False
PLAN1,road.width,,must_abstain,False,True
PLAN1,setbacks.front,0.47,printed,True,False
PLAN1,setbacks.rear,0.0,inspected,True,False
PLAN1,setbacks.left,0.46,printed,True,False
PLAN1,setbacks.right,0.46,printed,True,False
PLAN1,coverage,86.47,derived,True,False
PLAN1,far,3.459,derived,True,False
PLAN1,building_use,residential,printed,True,False
PLAN1,plot.net_area,,absent,False,False
PLAN1,building.gross_built_up_area,,absent,False,False
PLAN1,far.area,,absent,False,False
PLAN2,plot.width,12.19,printed,True,False
PLAN2,plot.depth,18.28,printed,True,False
PLAN2,plot.area,222.83,printed,True,False
PLAN2,building.width,10.59,printed,True,False
PLAN2,building.depth,16.48,printed,True,False
PLAN2,building.footprint_area,174.52,printed,True,False
PLAN2,building.floor_count,4.0,inspected,True,False
PLAN2,road.width,9.2,printed,True,False
PLAN2,setbacks.front,1.0,printed,True,False
PLAN2,setbacks.rear,0.8,printed,True,False
PLAN2,setbacks.left,0.8,printed,True,False
PLAN2,setbacks.right,0.8,printed,True,False
PLAN2,coverage,78.32,printed,True,False
PLAN2,far,1.73,printed,True,False
PLAN2,building_use,,absent,False,False
PLAN2,plot.net_area,,absent,False,False
PLAN2,building.gross_built_up_area,579.9,legacy_expected_json,False,False
PLAN2,far.area,386.55,legacy_expected_json,False,False
PLAN4,plot.width,18.288,printed,True,False
PLAN4,plot.depth,16.6116,printed,True,False
PLAN4,plot.area,303.79,printed,True,False
PLAN4,building.width,16.459,printed,True,False
PLAN4,building.depth,11.2776,printed,True,False
PLAN4,building.footprint_area,185.62,printed,True,False
PLAN4,building.floor_count,5.0,inspected,True,False
PLAN4,road.width,7.62,printed,True,False
PLAN4,setbacks.front,0.9144,printed,True,False
PLAN4,setbacks.rear,0.9144,printed,True,False
PLAN4,setbacks.left,2.667,printed,True,False
PLAN4,setbacks.right,2.667,printed,True,False
PLAN4,coverage,61.1,derived,True,False
PLAN4,far,0.611,unverified,False,False
PLAN4,building_use,,absent,False,False
PLAN4,plot.net_area,,absent,False,False
PLAN4,building.gross_built_up_area,,absent,False,False
PLAN4,far.area,,absent,False,False
PLAN5,plot.width,17.59,printed,True,False
PLAN5,plot.depth,9.14,printed,True,False
PLAN5,plot.area,160.77,printed,True,False
PLAN5,building.width,13.09,printed,True,False
PLAN5,building.depth,7.14,printed,True,False
PLAN5,building.footprint_area,93.46,printed,True,False
PLAN5,building.floor_count,3.0,printed,True,False
PLAN5,road.width,10.0,printed,True,False
PLAN5,setbacks.front,3.0,printed,True,False
PLAN5,setbacks.rear,1.5,printed,True,False
PLAN5,setbacks.left,1.0,printed,True,False
PLAN5,setbacks.right,1.0,printed,True,False
PLAN5,coverage,58.13,printed,True,False
PLAN5,far,,absent,False,False
PLAN5,building_use,residential,printed,True,False
PLAN5,plot.net_area,,absent,False,False
PLAN5,building.gross_built_up_area,,absent,False,False
PLAN5,far.area,,absent,False,False
PLAN6,plot.width,10.0,inspected,True,False
PLAN6,plot.depth,13.1,printed,True,False
PLAN6,plot.area,131.0,printed,True,False
PLAN6,building.width,9.3,unverified,False,False
PLAN6,building.depth,9.15,unverified,False,False
PLAN6,building.footprint_area,85.09,printed,True,False
PLAN6,building.floor_count,3.0,inspected,True,False
PLAN6,road.width,7.3,printed,True,False
PLAN6,setbacks.front,0.9,unverified,False,False
PLAN6,setbacks.rear,0.7,unverified,False,False
PLAN6,setbacks.left,0.7,unverified,False,False
PLAN6,setbacks.right,,absent,False,False
PLAN6,coverage,79.15,printed,True,False
PLAN6,far,1.74,printed,True,False
PLAN6,building_use,,absent,False,False
PLAN6,plot.net_area,107.5,legacy_expected_json,False,False
PLAN6,building.gross_built_up_area,355.59,legacy_expected_json,False,False
PLAN6,far.area,187.05,legacy_expected_json,False,False
PLAN7,plot.width,,must_abstain,False,True
PLAN7,plot.depth,,must_abstain,False,True
PLAN7,plot.area,111.41,unverified,False,False
PLAN7,building.width,,must_abstain,False,True
PLAN7,building.depth,,must_abstain,False,True
PLAN7,building.footprint_area,69.1,unverified,False,False
PLAN7,building.floor_count,3.0,inspected,True,False
PLAN7,road.width,9.14,printed,True,False
PLAN7,setbacks.front,,must_abstain,False,True
PLAN7,setbacks.rear,,must_abstain,False,True
PLAN7,setbacks.left,,must_abstain,False,True
PLAN7,setbacks.right,,must_abstain,False,True
PLAN7,coverage,,absent,False,False
PLAN7,far,,absent,False,False
PLAN7,building_use,residential,inspected,True,False
PLAN7,plot.net_area,,absent,False,False
PLAN7,building.gross_built_up_area,,absent,False,False
PLAN7,far.area,,absent,False,False
PLAN8,plot.width,13.71,printed,True,False
PLAN8,plot.depth,13.71,printed,True,False
PLAN8,plot.area,183.69,printed,True,False
PLAN8,building.width,10.95,unverified,False,False
PLAN8,building.depth,10.7,unverified,False,False
PLAN8,building.footprint_area,115.42,printed,True,False
PLAN8,building.floor_count,3.0,printed,True,False
PLAN8,road.width,7.6,unverified,False,False
PLAN8,setbacks.front,1.65,unverified,False,False
PLAN8,setbacks.rear,1.36,unverified,False,False
PLAN8,setbacks.left,1.66,unverified,False,False
PLAN8,setbacks.right,1.1,unverified,False,False
PLAN8,coverage,,absent,False,False
PLAN8,far,,absent,False,False
PLAN8,building_use,,absent,False,False
PLAN8,plot.net_area,,absent,False,False
PLAN8,building.gross_built_up_area,,absent,False,False
PLAN8,far.area,,absent,False,False
PLAN9,plot.width,10.65,printed,True,False
PLAN9,plot.depth,15.25,printed,True,False
PLAN9,plot.area,147.99,printed,True,False
PLAN9,building.width,7.14,printed,True,False
PLAN9,building.depth,12.11,printed,True,False
PLAN9,building.footprint_area,94.42,printed,True,False
PLAN9,building.floor_count,3.0,inspected,True,False
PLAN9,road.width,,must_abstain,False,True
PLAN9,setbacks.front,1.5,printed,True,False
PLAN9,setbacks.rear,1.5,printed,True,False
PLAN9,setbacks.left,1.0,printed,True,False
PLAN9,setbacks.right,1.0,printed,True,False
PLAN9,coverage,63.8,derived,True,False
PLAN9,far,,absent,False,False
PLAN9,building_use,residential,printed,True,False
PLAN9,plot.net_area,,absent,False,False
PLAN9,building.gross_built_up_area,,absent,False,False
PLAN9,far.area,,absent,False,False
