variant,field,truth_valued,answered,correct,wrong,missing,abstained_conflict,must_abstain_fields,false_positive,abstained_correctly,accuracy,completeness,correct_over_truth_valued,mae_m_length_fields,n_mae,mape_pct_all_numeric,median_ape_pct,n_mape,confident_answers,confident_wrong,confident_wrong_rate,wrong_flagged_or_low,wrong_caught_rate,false_positive_rate_on_must_abstain,axis_swapped
pdf_native_only,plot.width,7,6,5,1,1,0,1,0,1,0.8333333333333334,0.8571428571428571,0.7142857142857143,0.4054166666666667,6,2.9583333333333335,0.016,6,5,0,0.0,1,1.0,0.0,0
pdf_native_only,plot.depth,7,6,5,1,1,0,1,0,1,0.8333333333333334,0.8571428571428571,0.7142857142857143,0.47413333333333335,6,3.450833333333333,0.044,6,5,0,0.0,1,1.0,0.0,0
pdf_native_only,plot.area,7,4,4,0,3,0,0,0,0,1.0,0.5714285714285714,0.5714285714285714,,0,0.0,0.0,4,4,0,0.0,0,,,0
pdf_native_only,building.width,5,4,4,0,1,0,1,0,1,1.0,0.8,0.8,0.005825,4,0.04975,0.004,4,4,0,0.0,0,,0.0,0
pdf_native_only,building.depth,5,4,4,0,1,0,1,0,1,1.0,0.8,0.8,0.008025,4,0.0815,0.069,4,4,0,0.0,0,,0.0,0
pdf_native_only,building.footprint_area,7,5,5,0,2,0,0,0,0,1.0,0.7142857142857143,0.7142857142857143,,0,0.0,0.0,5,5,0,0.0,0,,,0
pdf_native_only,building.floor_count,8,0,0,0,8,0,0,0,0,,0.0,0.0,,0,,,0,0,0,,0,,,0
pdf_native_only,road.width,5,3,3,0,2,0,2,0,2,1.0,0.6,0.6,0.0,3,0.0,0.0,3,3,0,0.0,0,,0.0,0
pdf_native_only,setbacks.front,5,4,4,0,1,0,1,0,1,1.0,0.8,0.8,0.001175,4,0.07825,0.0,4,4,0,0.0,0,,0.0,0
pdf_native_only,setbacks.rear,5,4,4,0,1,0,1,0,1,1.0,0.8,0.8,0.030525,4,2.7133333333333334,0.0,3,4,0,0.0,0,,0.0,0
pdf_native_only,setbacks.left,5,4,4,0,1,0,1,0,1,1.0,0.8,0.8,0.000825,4,0.031,0.0,4,4,0,0.0,0,,0.0,0
pdf_native_only,setbacks.right,5,4,4,0,1,0,1,0,1,1.0,0.8,0.8,0.000825,4,0.031,0.0,4,4,0,0.0,0,,0.0,0
pdf_native_only,coverage,6,3,3,0,3,0,0,0,0,1.0,0.5,0.5,,0,0.0006666666666666666,0.0,3,3,0,0.0,0,,,0
pdf_native_only,far,3,2,2,0,1,0,0,0,0,1.0,0.6666666666666666,0.6666666666666666,,0,0.0,0.0,2,2,0,0.0,0,,,0
pdf_native_only,building_use,4,0,0,0,4,0,0,0,0,,0.0,0.0,,0,,,0,0,0,,0,,,0
pdf_native_ocr,plot.width,7,7,6,1,0,0,1,0,1,0.8571428571428571,1.0,0.8571428571428571,0.34757142857142853,7,2.536142857142857,0.003,7,6,0,0.0,1,1.0,0.0,0
pdf_native_ocr,plot.depth,7,7,6,1,0,0,1,0,1,0.8571428571428571,1.0,0.8571428571428571,0.41604285714285716,7,3.063428571428571,0.044,7,6,0,0.0,1,1.0,0.0,0
pdf_native_ocr,plot.area,7,5,5,0,2,0,0,0,0,1.0,0.7142857142857143,0.7142857142857143,,0,0.0,0.0,5,5,0,0.0,0,,,0
pdf_native_ocr,building.width,5,5,5,0,0,0,1,0,1,1.0,1.0,1.0,0.00476,5,0.040600000000000004,0.004,5,5,0,0.0,0,,0.0,0
pdf_native_ocr,building.depth,5,5,5,0,0,0,1,0,1,1.0,1.0,1.0,0.00694,5,0.07239999999999999,0.036,5,5,0,0.0,0,,0.0,0
pdf_native_ocr,building.footprint_area,7,6,6,0,1,0,0,0,0,1.0,0.8571428571428571,0.8571428571428571,,0,0.0,0.0,6,6,0,0.0,0,,,0
pdf_native_ocr,building.floor_count,8,0,0,0,8,0,0,0,0,,0.0,0.0,,0,,,0,0,0,,0,,,0
pdf_native_ocr,road.width,5,4,4,0,1,0,2,0,2,1.0,0.8,0.8,0.0,4,0.0,0.0,4,4,0,0.0,0,,0.0,0
pdf_native_ocr,setbacks.front,5,5,5,0,0,0,1,0,1,1.0,1.0,1.0,0.0009400000000000001,5,0.0626,0.0,5,5,0,0.0,0,,0.0,0
pdf_native_ocr,setbacks.rear,5,5,5,0,0,0,1,0,1,1.0,1.0,1.0,0.02442,5,2.035,0.0,4,5,0,0.0,0,,0.0,0
pdf_native_ocr,setbacks.left,5,5,5,0,0,0,1,0,1,1.0,1.0,1.0,0.01514,5,1.4727999999999999,0.0,5,5,0,0.0,0,,0.0,0
pdf_native_ocr,setbacks.right,5,5,5,0,0,0,1,0,1,1.0,1.0,1.0,0.00112,5,0.0708,0.0,5,5,0,0.0,0,,0.0,0
pdf_native_ocr,coverage,6,4,4,0,2,0,0,0,0,1.0,0.6666666666666666,0.6666666666666666,,0,0.00175,0.002,4,4,0,0.0,0,,,0
pdf_native_ocr,far,3,2,2,0,1,0,0,0,0,1.0,0.6666666666666666,0.6666666666666666,,0,0.0,0.0,2,2,0,0.0,0,,,0
pdf_native_ocr,building_use,4,0,0,0,4,0,0,0,0,,0.0,0.0,,0,,,0,0,0,,0,,,0
pdf_hybrid,plot.width,7,7,6,1,0,0,1,1,0,0.8571428571428571,1.0,0.8571428571428571,0.34757142857142853,7,2.536142857142857,0.003,7,6,0,0.0,1,1.0,1.0,0
pdf_hybrid,plot.depth,7,7,6,1,0,0,1,1,0,0.8571428571428571,1.0,0.8571428571428571,0.41604285714285716,7,3.063428571428571,0.044,7,6,0,0.0,1,1.0,1.0,0
pdf_hybrid,plot.area,7,7,7,0,0,0,0,0,0,1.0,1.0,1.0,,0,0.0,0.0,7,7,0,0.0,0,,,0
pdf_hybrid,building.width,5,5,5,0,0,0,1,1,0,1.0,1.0,1.0,0.00476,5,0.040600000000000004,0.004,5,5,0,0.0,0,,1.0,0
pdf_hybrid,building.depth,5,5,5,0,0,0,1,1,0,1.0,1.0,1.0,0.00694,5,0.07239999999999999,0.036,5,5,0,0.0,0,,1.0,0
pdf_hybrid,building.footprint_area,7,7,7,0,0,0,0,0,0,1.0,1.0,1.0,,0,0.0,0.0,7,7,0,0.0,0,,,0
pdf_hybrid,building.floor_count,8,6,6,0,2,0,0,0,0,1.0,0.75,0.75,,0,0.0,0.0,6,5,0,0.0,0,,,0
pdf_hybrid,road.width,5,4,4,0,1,0,2,0,2,1.0,0.8,0.8,0.0,4,0.0,0.0,4,4,0,0.0,0,,0.0,0
pdf_hybrid,setbacks.front,5,5,5,0,0,0,1,0,1,1.0,1.0,1.0,0.0009400000000000001,5,0.0626,0.0,5,5,0,0.0,0,,0.0,0
pdf_hybrid,setbacks.rear,5,5,5,0,0,0,1,0,1,1.0,1.0,1.0,0.02442,5,2.035,0.0,4,5,0,0.0,0,,0.0,0
pdf_hybrid,setbacks.left,5,5,5,0,0,0,1,0,1,1.0,1.0,1.0,0.01514,5,1.4727999999999999,0.0,5,5,0,0.0,0,,0.0,0
pdf_hybrid,setbacks.right,5,5,5,0,0,0,1,0,1,1.0,1.0,1.0,0.00112,5,0.0708,0.0,5,5,0,0.0,0,,0.0,0
pdf_hybrid,coverage,6,6,6,0,0,0,0,0,0,1.0,1.0,1.0,,0,0.002,0.002,6,6,0,0.0,0,,,0
pdf_hybrid,far,3,3,3,0,0,0,0,0,0,1.0,1.0,1.0,,0,0.0026666666666666666,0.0,3,3,0,0.0,0,,,0
pdf_hybrid,building_use,4,3,3,0,1,0,0,0,0,1.0,0.75,0.75,,0,,,0,3,0,0.0,0,,,0
pdf_legacy_resolver,plot.width,7,5,0,5,1,1,1,1,0,0.0,0.7142857142857143,0.0,27.435359999999996,5,183.96700000000004,82.128,5,5,5,1.0,0,0.0,1.0,0
pdf_legacy_resolver,plot.depth,7,5,0,5,2,0,1,1,0,0.0,0.7142857142857143,0.0,16.94806,5,105.1404,83.879,5,5,5,1.0,0,0.0,1.0,0
pdf_legacy_resolver,plot.area,7,5,2,3,2,0,0,0,0,0.4,0.7142857142857143,0.2857142857142857,,0,502.9778,72.19,5,5,3,0.6,0,0.0,,0
pdf_legacy_resolver,building.width,5,4,0,4,1,0,1,1,0,0.0,0.8,0.0,6.735625,4,62.23375,75.686,4,4,4,1.0,0,0.0,1.0,0
pdf_legacy_resolver,building.depth,5,3,0,3,1,1,1,1,0,0.0,0.6,0.0,8.166433333333332,3,65.56400000000001,66.545,3,3,3,1.0,0,0.0,1.0,0
pdf_legacy_resolver,building.footprint_area,7,5,1,4,2,0,0,0,0,0.2,0.7142857142857143,0.14285714285714285,,0,265.1038,87.498,5,5,4,0.8,0,0.0,,0
pdf_legacy_resolver,building.floor_count,8,6,6,0,2,0,0,0,0,1.0,0.75,0.75,,0,0.0,0.0,6,5,0,0.0,0,,,0
pdf_legacy_resolver,road.width,5,2,2,0,2,1,2,0,2,1.0,0.4,0.4,0.0,2,0.0,0.0,2,2,0,0.0,0,,0.0,0
pdf_legacy_resolver,setbacks.front,5,2,0,2,3,0,1,0,1,0.0,0.4,0.0,7.6054,2,809.1725,1547.878,2,2,2,1.0,0,0.0,0.0,0
pdf_legacy_resolver,setbacks.rear,5,2,0,2,3,0,1,0,1,0.0,0.4,0.0,13.84385,2,1487.048,2889.983,2,2,2,1.0,0,0.0,0.0,0
pdf_legacy_resolver,setbacks.left,5,2,0,2,3,0,1,0,1,0.0,0.4,0.0,1.1629,2,74.6995,99.5,2,2,2,1.0,0,0.0,0.0,0
pdf_legacy_resolver,setbacks.right,5,1,0,1,4,0,1,0,1,0.0,0.2,0.0,49.4998,1,1856.01,1856.01,1,1,1,1.0,0,0.0,0.0,0
pdf_legacy_resolver,coverage,6,4,1,3,2,0,0,0,0,0.25,0.6666666666666666,0.16666666666666666,,0,45.7675,78.063,4,4,3,0.75,0,0.0,,0
pdf_legacy_resolver,far,3,1,0,1,2,0,0,0,0,0.0,0.3333333333333333,0.0,,0,60.274,60.274,1,1,1,1.0,0,0.0,,0
pdf_legacy_resolver,building_use,4,3,3,0,1,0,0,0,0,1.0,0.75,0.75,,0,,,0,3,0,0.0,0,,,0
pdf_evidence_decision,plot.width,7,7,6,1,0,0,1,0,1,0.8571428571428571,1.0,0.8571428571428571,0.34757142857142853,7,2.536142857142857,0.003,7,7,1,0.14285714285714285,0,0.0,0.0,0
pdf_evidence_decision,plot.depth,7,7,6,1,0,0,1,0,1,0.8571428571428571,1.0,0.8571428571428571,0.41604285714285716,7,3.063428571428571,0.044,7,7,1,0.14285714285714285,0,0.0,0.0,0
pdf_evidence_decision,plot.area,7,7,7,0,0,0,0,0,0,1.0,1.0,1.0,,0,0.0,0.0,7,7,0,0.0,0,,,0
pdf_evidence_decision,building.width,5,5,5,0,0,0,1,0,1,1.0,1.0,1.0,0.00476,5,0.040600000000000004,0.004,5,5,0,0.0,0,,0.0,0
pdf_evidence_decision,building.depth,5,5,5,0,0,0,1,0,1,1.0,1.0,1.0,0.00694,5,0.07239999999999999,0.036,5,5,0,0.0,0,,0.0,0
pdf_evidence_decision,building.footprint_area,7,7,7,0,0,0,0,0,0,1.0,1.0,1.0,,0,0.0,0.0,7,7,0,0.0,0,,,0
pdf_evidence_decision,building.floor_count,8,6,6,0,2,0,0,0,0,1.0,0.75,0.75,,0,0.0,0.0,6,5,0,0.0,0,,,0
pdf_evidence_decision,road.width,5,4,4,0,1,0,2,0,2,1.0,0.8,0.8,0.0,4,0.0,0.0,4,4,0,0.0,0,,0.0,0
pdf_evidence_decision,setbacks.front,5,5,5,0,0,0,1,0,1,1.0,1.0,1.0,0.0009400000000000001,5,0.0626,0.0,5,2,0,0.0,0,,0.0,0
pdf_evidence_decision,setbacks.rear,5,5,5,0,0,0,1,0,1,1.0,1.0,1.0,0.02442,5,2.035,0.0,4,1,0,0.0,0,,0.0,0
pdf_evidence_decision,setbacks.left,5,5,5,0,0,0,1,0,1,1.0,1.0,1.0,0.01514,5,1.4727999999999999,0.0,5,3,0,0.0,0,,0.0,0
pdf_evidence_decision,setbacks.right,5,5,5,0,0,0,1,0,1,1.0,1.0,1.0,0.00112,5,0.0708,0.0,5,3,0,0.0,0,,0.0,0
pdf_evidence_decision,coverage,6,6,6,0,0,0,0,0,0,1.0,1.0,1.0,,0,0.002,0.002,6,6,0,0.0,0,,,0
pdf_evidence_decision,far,3,3,3,0,0,0,0,0,0,1.0,1.0,1.0,,0,0.0026666666666666666,0.0,3,3,0,0.0,0,,,0
pdf_evidence_decision,building_use,4,3,3,0,1,0,0,0,0,1.0,0.75,0.75,,0,,,0,3,0,0.0,0,,,0
dxf_hybrid,plot.width,7,7,1,6,0,0,1,0,1,0.14285714285714285,1.0,0.14285714285714285,6.620528571428572,7,45.763714285714286,48.132,7,0,0,,6,1.0,0.0,0
dxf_hybrid,plot.depth,7,7,1,6,0,0,1,0,1,0.14285714285714285,1.0,0.14285714285714285,4.196171428571428,7,32.31228571428572,15.379,7,0,0,,6,1.0,0.0,0
dxf_hybrid,plot.area,7,7,1,6,0,0,0,0,0,0.14285714285714285,1.0,0.14285714285714285,,0,37.56585714285713,40.421,7,1,0,0.0,6,1.0,,0
dxf_hybrid,building.width,5,3,1,2,2,0,1,0,1,0.3333333333333333,0.6,0.2,0.9129666666666667,3,9.312666666666667,10.706,3,0,0,,2,1.0,0.0,0
dxf_hybrid,building.depth,5,3,0,3,2,0,1,0,1,0.0,0.6,0.0,3.6629666666666663,3,31.169333333333338,22.202,3,0,0,,3,1.0,0.0,0
dxf_hybrid,building.footprint_area,7,5,0,5,2,0,0,0,0,0.0,0.7142857142857143,0.0,,0,59.6034,66.641,5,0,0,,5,1.0,,0
dxf_hybrid,building.floor_count,8,0,0,0,8,0,0,0,0,,0.0,0.0,,0,,,0,0,0,,0,,,0
dxf_hybrid,road.width,5,1,1,0,4,0,2,0,2,1.0,0.2,0.2,0.0,1,0.0,0.0,1,1,0,0.0,0,,0.0,0
dxf_hybrid,setbacks.front,5,3,0,3,2,0,1,0,1,0.0,0.6,0.0,1.1878,3,110.89233333333334,100.0,3,0,0,,3,1.0,0.0,0
dxf_hybrid,setbacks.rear,5,3,0,3,2,0,1,0,1,0.0,0.6,0.0,1.9972666666666665,3,166.53650000000002,283.973,2,0,0,,3,1.0,0.0,0
dxf_hybrid,setbacks.left,5,3,0,3,2,0,1,0,1,0.0,0.6,0.0,1.0766666666666667,3,193.27599999999998,76.1,3,0,0,,3,1.0,0.0,0
dxf_hybrid,setbacks.right,5,3,0,3,2,0,1,0,1,0.0,0.6,0.0,0.5544333333333333,3,75.13766666666668,100.0,3,0,0,,3,1.0,0.0,0
dxf_hybrid,coverage,6,4,0,4,2,0,0,0,0,0.0,0.6666666666666666,0.0,,0,37.84125,39.756,4,0,0,,4,1.0,,0
dxf_hybrid,far,3,3,0,3,0,0,0,0,0,0.0,1.0,0.0,,0,76.71266666666666,80.922,3,0,0,,3,1.0,,0
dxf_hybrid,building_use,4,0,0,0,4,0,0,0,0,,0.0,0.0,,0,,,0,0,0,,0,,,0
dxf_evidence_decision,plot.width,7,4,1,3,3,0,1,0,1,0.25,0.5714285714285714,0.14285714285714285,5.287000000000001,4,33.779,48.132,4,0,0,,3,1.0,0.0,0
dxf_evidence_decision,plot.depth,7,4,0,4,3,0,1,0,1,0.0,0.5714285714285714,0.0,2.88695,4,26.256500000000003,15.379,4,0,0,,4,1.0,0.0,0
dxf_evidence_decision,plot.area,7,5,1,4,2,0,0,0,0,0.2,0.7142857142857143,0.14285714285714285,,0,35.5828,22.697,5,1,0,0.0,4,1.0,,0
dxf_evidence_decision,building.width,5,2,1,1,3,0,1,0,1,0.5,0.4,0.2,0.9872500000000001,2,8.616,13.24,2,0,0,,1,1.0,0.0,0
dxf_evidence_decision,building.depth,5,2,0,2,3,0,1,0,1,0.0,0.4,0.0,1.9096,2,17.151500000000002,22.202,2,0,0,,2,1.0,0.0,0
dxf_evidence_decision,building.footprint_area,7,3,0,3,4,0,0,0,0,0.0,0.42857142857142855,0.0,,0,48.955999999999996,32.503,3,0,0,,3,1.0,,0
dxf_evidence_decision,building.floor_count,8,0,0,0,8,0,0,0,0,,0.0,0.0,,0,,,0,0,0,,0,,,0
dxf_evidence_decision,road.width,5,1,1,0,4,0,2,0,2,1.0,0.2,0.2,0.0,1,0.0,0.0,1,1,0,0.0,0,,0.0,0
dxf_evidence_decision,setbacks.front,5,2,0,2,3,0,1,0,1,0.0,0.4,0.0,0.63175,2,89.675,100.0,2,0,0,,2,1.0,0.0,0
dxf_evidence_decision,setbacks.rear,5,2,0,2,3,0,1,0,1,0.0,0.4,0.0,0.8661,2,49.1,49.1,1,0,0,,2,1.0,0.0,0
dxf_evidence_decision,setbacks.left,5,2,0,2,3,0,1,0,1,0.0,0.4,0.0,1.2345,2,251.864,459.065,2,0,0,,2,1.0,0.0,0
dxf_evidence_decision,setbacks.right,5,2,0,2,3,0,1,0,1,0.0,0.4,0.0,0.33165,2,62.7065,100.0,2,0,0,,2,1.0,0.0,0
dxf_evidence_decision,coverage,6,2,0,2,4,0,0,0,0,0.0,0.3333333333333333,0.0,,0,16.474,23.682,2,0,0,,2,1.0,,0
dxf_evidence_decision,far,3,2,0,2,1,0,0,0,0,0.0,0.6666666666666666,0.0,,0,69.9225,80.922,2,0,0,,2,1.0,,0
dxf_evidence_decision,building_use,4,0,0,0,4,0,0,0,0,,0.0,0.0,,0,,,0,0,0,,0,,,0
pdf_dxf_reconciled,plot.width,7,7,6,1,0,0,1,1,0,0.8571428571428571,1.0,0.8571428571428571,0.34757142857142853,7,2.536142857142857,0.003,7,1,0,0.0,1,1.0,1.0,0
pdf_dxf_reconciled,plot.depth,7,7,6,1,0,0,1,1,0,0.8571428571428571,1.0,0.8571428571428571,0.41604285714285716,7,3.063428571428571,0.044,7,1,0,0.0,1,1.0,1.0,0
pdf_dxf_reconciled,plot.area,7,7,7,0,0,0,0,0,0,1.0,1.0,1.0,,0,0.0,0.0,7,1,0,0.0,0,,,0
pdf_dxf_reconciled,building.width,5,5,5,0,0,0,1,1,0,1.0,1.0,1.0,0.00476,5,0.040600000000000004,0.004,5,3,0,0.0,0,,1.0,0
pdf_dxf_reconciled,building.depth,5,5,5,0,0,0,1,1,0,1.0,1.0,1.0,0.00694,5,0.07239999999999999,0.036,5,2,0,0.0,0,,1.0,0
pdf_dxf_reconciled,building.footprint_area,7,7,7,0,0,0,0,0,0,1.0,1.0,1.0,,0,0.0,0.0,7,2,0,0.0,0,,,0
pdf_dxf_reconciled,building.floor_count,8,6,6,0,2,0,0,0,0,1.0,0.75,0.75,,0,0.0,0.0,6,5,0,0.0,0,,,0
pdf_dxf_reconciled,road.width,5,4,4,0,1,0,2,0,2,1.0,0.8,0.8,0.0,4,0.0,0.0,4,4,0,0.0,0,,0.0,0
pdf_dxf_reconciled,setbacks.front,5,5,5,0,0,0,1,0,1,1.0,1.0,1.0,0.0009400000000000001,5,0.0626,0.0,5,2,0,0.0,0,,0.0,0
pdf_dxf_reconciled,setbacks.rear,5,5,5,0,0,0,1,0,1,1.0,1.0,1.0,0.02442,5,2.035,0.0,4,2,0,0.0,0,,0.0,0
pdf_dxf_reconciled,setbacks.left,5,5,5,0,0,0,1,0,1,1.0,1.0,1.0,0.01514,5,1.4727999999999999,0.0,5,2,0,0.0,0,,0.0,0
pdf_dxf_reconciled,setbacks.right,5,5,5,0,0,0,1,0,1,1.0,1.0,1.0,0.00112,5,0.0708,0.0,5,2,0,0.0,0,,0.0,0
pdf_dxf_reconciled,coverage,6,6,6,0,0,0,0,0,0,1.0,1.0,1.0,,0,0.002,0.002,6,2,0,0.0,0,,,0
pdf_dxf_reconciled,far,3,3,3,0,0,0,0,0,0,1.0,1.0,1.0,,0,0.0026666666666666666,0.0,3,0,0,,0,,,0
pdf_dxf_reconciled,building_use,4,3,3,0,1,0,0,0,0,1.0,0.75,0.75,,0,,,0,3,0,0.0,0,,,0
pdf_hybrid_vlm_api,plot.width,7,5,4,1,1,1,1,1,0,0.8,0.7142857142857143,0.5714285714285714,0.48606,5,3.5459999999999994,0.008,5,4,0,0.0,1,1.0,1.0,0
pdf_hybrid_vlm_api,plot.depth,7,3,2,1,0,4,1,1,0,0.6666666666666666,0.42857142857142855,0.2857142857142857,0.9343666666666667,3,6.810666666666666,0.044,3,2,0,0.0,1,1.0,1.0,0
pdf_hybrid_vlm_api,plot.area,7,6,6,0,1,0,0,0,0,1.0,0.8571428571428571,0.8571428571428571,,0,0.0,0.0,6,6,0,0.0,0,,,0
pdf_hybrid_vlm_api,building.width,5,3,3,0,1,1,1,1,0,1.0,0.6,0.6,0.015133333333333332,3,0.11533333333333333,0.001,3,4,1,0.25,0,,1.0,0
pdf_hybrid_vlm_api,building.depth,5,3,3,0,1,1,1,1,0,1.0,0.6,0.6,0.0032,3,0.029,0.018,3,3,0,0.0,0,,1.0,0
pdf_hybrid_vlm_api,building.footprint_area,7,5,5,0,0,2,0,0,0,1.0,0.7142857142857143,0.7142857142857143,,0,0.0,0.0,5,5,0,0.0,0,,,0
pdf_hybrid_vlm_api,building.floor_count,8,8,6,2,0,0,0,0,0,0.75,1.0,0.75,,0,12.5,0.0,8,7,2,0.2857142857142857,0,0.0,,0
pdf_hybrid_vlm_api,road.width,5,4,4,0,0,1,2,1,1,1.0,0.8,0.8,0.0,4,0.0,0.0,4,5,1,0.2,0,,0.5,0
pdf_hybrid_vlm_api,setbacks.front,5,3,3,0,1,1,1,0,1,1.0,0.6,0.6,0.0015666666666666667,3,0.10433333333333333,0.0,3,3,0,0.0,0,,0.0,0
pdf_hybrid_vlm_api,setbacks.rear,5,3,3,0,1,1,1,0,1,1.0,0.6,0.6,0.0407,3,2.7133333333333334,0.0,3,3,0,0.0,0,,0.0,0
pdf_hybrid_vlm_api,setbacks.left,5,3,3,0,1,1,1,0,1,1.0,0.6,0.6,0.0011,3,0.04133333333333333,0.0,3,3,0,0.0,0,,0.0,0
pdf_hybrid_vlm_api,setbacks.right,5,4,4,0,1,0,1,0,1,1.0,0.8,0.8,0.0011,4,0.058499999999999996,0.11,4,4,0,0.0,0,,0.0,0
pdf_hybrid_vlm_api,coverage,6,5,5,0,1,0,0,0,0,1.0,0.8333333333333334,0.8333333333333334,,0,0.002,0.002,5,5,0,0.0,0,,,0
pdf_hybrid_vlm_api,far,3,2,2,0,1,0,0,0,0,1.0,0.6666666666666666,0.6666666666666666,,0,0.0,0.0,2,2,0,0.0,0,,,0
pdf_hybrid_vlm_api,building_use,4,3,3,0,1,0,0,0,0,1.0,0.75,0.75,,0,,,0,3,0,0.0,0,,,0
