variant,plan,run_status,seconds,timed_out_internally,truth_valued,answered,correct,wrong,missing,abstained_conflict,must_abstain_fields,false_positive,abstained_correctly,accuracy,completeness,correct_over_truth_valued,mae_m_length_fields,n_mae,mape_pct_all_numeric,median_ape_pct,n_mape,confident_answers,confident_wrong,confident_wrong_rate,wrong_flagged_or_low,wrong_caught_rate,false_positive_rate_on_must_abstain,axis_swapped
pdf_native_only,PLAN1,ok,3.8,False,14,9,9,0,5,0,1,0,1,1.0,0.6428571428571429,0.6428571428571429,0.00515,8,0.052375000000000005,0.0,8,9,0,0.0,0,,0.0,0
pdf_native_only,PLAN2,ok,2.8,False,14,13,13,0,1,0,0,0,0,1.0,0.9285714285714286,0.9285714285714286,0.0017444444444444443,9,0.0073846153846153844,0.0,13,13,0,0.0,0,,,0
pdf_native_only,PLAN4,ok,1.3,False,13,12,12,0,1,0,0,0,0,1.0,0.9230769230769231,0.9230769230769231,0.0007555555555555556,9,0.020916666666666667,0.0,12,12,0,0.0,0,,,0
pdf_native_only,PLAN5,ok,13.8,False,14,0,0,0,14,0,0,0,0,,0.0,0.0,,0,,,0,0,0,,0,,,0
pdf_native_only,PLAN6,ok,8.1,False,8,7,7,0,1,0,0,0,0,1.0,0.875,0.875,0.0015000000000000002,3,0.005714285714285714,0.0,7,7,0,0.0,0,,,0
pdf_native_only,PLAN7,ok,0.3,False,3,0,0,0,3,0,8,0,8,,0.0,0.0,,0,,,0,0,0,,0,,0.0,0
pdf_native_only,PLAN8,ok,5.5,False,5,4,2,2,1,0,0,0,0,0.5,0.8,0.4,2.61055,2,9.520499999999998,17.711,4,2,0,0.0,2,1.0,,0
pdf_native_only,PLAN9,ok,2.3,False,13,8,8,0,5,0,1,0,1,1.0,0.6153846153846154,0.6153846153846154,0.0221,8,1.099375,0.069,8,8,0,0.0,0,,0.0,0
pdf_native_ocr,PLAN1,ok,3.5,False,14,9,9,0,5,0,1,0,1,1.0,0.6428571428571429,0.6428571428571429,0.00515,8,0.052375000000000005,0.0,8,9,0,0.0,0,,0.0,0
pdf_native_ocr,PLAN2,ok,2.8,False,14,13,13,0,1,0,0,0,0,1.0,0.9285714285714286,0.9285714285714286,0.0017444444444444443,9,0.0073846153846153844,0.0,13,13,0,0.0,0,,,0
pdf_native_ocr,PLAN4,ok,1.3,False,13,12,12,0,1,0,0,0,0,1.0,0.9230769230769231,0.9230769230769231,0.0007555555555555556,9,0.020916666666666667,0.0,12,12,0,0.0,0,,,0
pdf_native_ocr,PLAN5,ok,102.6,False,14,12,12,0,2,0,0,0,0,1.0,0.8571428571428571,0.8571428571428571,0.016200000000000003,9,0.6880833333333335,0.004,12,12,0,0.0,0,,,0
pdf_native_ocr,PLAN6,ok,7.7,False,8,7,7,0,1,0,0,0,0,1.0,0.875,0.875,0.0015000000000000002,3,0.005714285714285714,0.0,7,7,0,0.0,0,,,0
pdf_native_ocr,PLAN7,ok,0.3,False,3,0,0,0,3,0,8,0,8,,0.0,0.0,,0,,,0,0,0,,0,,0.0,0
pdf_native_ocr,PLAN8,ok,5.5,False,5,4,2,2,1,0,0,0,0,0.5,0.8,0.4,2.61055,2,9.520499999999998,17.711,4,2,0,0.0,2,1.0,,0
pdf_native_ocr,PLAN9,ok,2.2,False,13,8,8,0,5,0,1,0,1,1.0,0.6153846153846154,0.6153846153846154,0.0221,8,1.099375,0.069,8,8,0,0.0,0,,0.0,0
pdf_hybrid,PLAN1,ok,12.7,False,14,14,14,0,0,0,1,0,1,1.0,1.0,1.0,0.00515,8,0.035750000000000004,0.0,12,14,0,0.0,0,,0.0,0
pdf_hybrid,PLAN2,ok,8.9,False,14,14,14,0,0,0,0,0,0,1.0,1.0,1.0,0.0017444444444444443,9,0.006857142857142858,0.0,14,14,0,0.0,0,,,0
pdf_hybrid,PLAN4,ok,4.0,False,13,13,13,0,0,0,0,0,0,1.0,1.0,1.0,0.0007555555555555556,9,0.019307692307692307,0.0,13,12,0,0.0,0,,,0
pdf_hybrid,PLAN5,ok,105.9,False,14,14,14,0,0,0,0,0,0,1.0,1.0,1.0,0.016200000000000003,9,0.6351538461538463,0.003,13,14,0,0.0,0,,,0
pdf_hybrid,PLAN6,ok,13.7,False,8,8,8,0,0,0,0,0,0,1.0,1.0,1.0,0.0015000000000000002,3,0.005,0.0,8,8,0,0.0,0,,,0
pdf_hybrid,PLAN7,ok,0.8,False,3,0,0,0,3,0,8,4,4,,0.0,0.0,,0,,,0,0,0,,0,,0.5,0
pdf_hybrid,PLAN8,ok,11.7,False,5,5,3,2,0,0,0,0,0,0.6,1.0,0.6,2.61055,2,7.616399999999999,0.0,5,3,0,0.0,2,1.0,,0
pdf_hybrid,PLAN9,ok,7.4,False,13,12,12,0,1,0,1,0,1,1.0,0.9230769230769231,0.9230769230769231,0.0221,8,0.7998181818181819,0.0,11,12,0,0.0,0,,0.0,0
pdf_legacy_resolver,PLAN1,ok,12.6,False,14,2,2,0,11,1,1,0,1,1.0,0.14285714285714285,0.14285714285714285,,0,0.0,0.0,1,2,0,0.0,0,,0.0,0
pdf_legacy_resolver,PLAN2,ok,8.6,False,14,9,1,8,5,0,0,0,0,0.1111111111111111,0.6428571428571429,0.07142857142857142,24.312925,4,249.7911111111111,78.063,9,9,8,0.8888888888888888,0,0.0,,0
pdf_legacy_resolver,PLAN4,ok,4.0,False,13,11,1,10,0,2,0,0,0,0.09090909090909091,0.8461538461538461,0.07692307692307693,27.40167142857143,7,830.4465454545455,360.62,11,10,10,1.0,0,0.0,,0
pdf_legacy_resolver,PLAN5,ok,105.4,False,14,10,4,6,4,0,0,0,0,0.4,0.7142857142857143,0.2857142857142857,6.05584,5,46.31988888888889,48.554,9,10,6,0.6,0,0.0,,0
pdf_legacy_resolver,PLAN6,ok,14.0,False,8,2,2,0,6,0,0,0,0,1.0,0.25,0.25,0.0,1,0.0,0.0,2,2,0,0.0,0,,,0
pdf_legacy_resolver,PLAN7,ok,0.8,False,3,0,0,0,3,0,8,4,4,,0.0,0.0,,0,,,0,0,0,,0,,0.5,0
pdf_legacy_resolver,PLAN8,ok,11.7,False,5,5,1,4,0,0,0,0,0,0.2,1.0,0.2,4.07655,2,38.352999999999994,31.619,5,5,4,0.8,0,0.0,,0
pdf_legacy_resolver,PLAN9,ok,7.5,False,13,11,4,7,2,0,1,0,1,0.36363636363636365,0.8461538461538461,0.3076923076923077,5.798185714285714,7,58.109,82.128,10,11,7,0.6363636363636364,0,0.0,0.0,0
pdf_evidence_decision,PLAN1,ok,12.6,False,14,14,14,0,0,0,1,0,1,1.0,1.0,1.0,0.00515,8,0.035750000000000004,0.0,12,13,0,0.0,0,,0.0,0
pdf_evidence_decision,PLAN2,ok,8.8,False,14,14,14,0,0,0,0,0,0,1.0,1.0,1.0,0.0017444444444444443,9,0.006857142857142858,0.0,14,14,0,0.0,0,,,0
pdf_evidence_decision,PLAN4,ok,4.2,False,13,13,13,0,0,0,0,0,0,1.0,1.0,1.0,0.0007555555555555556,9,0.019307692307692307,0.0,13,8,0,0.0,0,,,0
pdf_evidence_decision,PLAN5,ok,108.2,False,14,14,14,0,0,0,0,0,0,1.0,1.0,1.0,0.016200000000000003,9,0.6351538461538463,0.003,13,10,0,0.0,0,,,0
pdf_evidence_decision,PLAN6,ok,14.4,False,8,8,8,0,0,0,0,0,0,1.0,1.0,1.0,0.0015000000000000002,3,0.005,0.0,8,8,0,0.0,0,,,0
pdf_evidence_decision,PLAN7,ok,0.9,False,3,0,0,0,3,0,8,0,8,,0.0,0.0,,0,,,0,0,0,,0,,0.0,0
pdf_evidence_decision,PLAN8,ok,12.0,False,5,5,3,2,0,0,0,0,0,0.6,1.0,0.6,2.61055,2,7.616399999999999,0.0,5,5,2,0.4,0,0.0,,0
pdf_evidence_decision,PLAN9,ok,7.5,False,13,12,12,0,1,0,1,0,1,1.0,0.9230769230769231,0.9230769230769231,0.0221,8,0.7998181818181819,0.0,11,10,0,0.0,0,,0.0,0
dxf_hybrid,PLAN1,ok,57.8,False,14,12,1,11,2,0,1,0,1,0.08333333333333333,0.8571428571428571,0.07142857142857142,1.214175,8,78.46045454545455,23.682,11,0,0,,11,1.0,0.0,0
dxf_hybrid,PLAN2,ok,66.6,False,14,12,1,11,2,0,0,0,0,0.08333333333333333,0.8571428571428571,0.07142857142857142,0.9991,8,29.953500000000002,25.413,12,0,0,,11,1.0,,0
dxf_hybrid,PLAN4,ok,9.4,False,13,4,2,2,9,0,0,0,0,0.5,0.3076923076923077,0.15384615384615385,7.747933333333333,3,33.0255,54.581,4,2,0,0.0,2,1.0,,0
dxf_hybrid,PLAN5,ok,86.8,False,14,3,0,3,11,0,0,0,0,0.0,0.21428571428571427,0.0,9.245800000000001,2,74.81433333333332,73.072,3,0,0,,3,1.0,,0
dxf_hybrid,PLAN6,ok,72.0,False,8,6,0,6,2,0,0,0,0,0.0,0.75,0.0,7.72865,2,71.391,78.661,6,0,0,,6,1.0,,0
dxf_hybrid,PLAN7,ok,0.3,False,3,0,0,0,3,0,8,0,8,,0.0,0.0,,0,,,0,0,0,,0,,0.0,0
dxf_hybrid,PLAN8,ok,21.2,False,5,4,0,4,1,0,0,0,0,0.0,0.8,0.0,4.20985,2,49.97325,53.974,4,0,0,,4,1.0,,0
dxf_hybrid,PLAN9,ok,59.7,False,13,11,1,10,2,0,1,0,1,0.09090909090909091,0.8461538461538461,0.07692307692307693,2.571825,8,79.469,59.205,11,0,0,,10,1.0,0.0,0
dxf_evidence_decision,PLAN1,ok,59.2,False,14,12,1,11,2,0,1,0,1,0.08333333333333333,0.8571428571428571,0.07142857142857142,1.214175,8,78.46045454545455,23.682,11,0,0,,11,1.0,0.0,0
dxf_evidence_decision,PLAN2,ok,74.0,False,14,12,1,11,2,0,0,0,0,0.08333333333333333,0.8571428571428571,0.07142857142857142,0.9991,8,29.953500000000002,25.413,12,0,0,,11,1.0,,0
dxf_evidence_decision,PLAN4,ok,9.6,False,13,2,2,0,11,0,0,0,0,1.0,0.15384615384615385,0.15384615384615385,0.0,1,0.0,0.0,2,2,0,0.0,0,,,0
dxf_evidence_decision,PLAN5,ok,86.5,False,14,3,0,3,11,0,0,0,0,0.0,0.21428571428571427,0.0,9.245800000000001,2,74.81433333333332,73.072,3,0,0,,3,1.0,,0
dxf_evidence_decision,PLAN6,ok,70.5,False,8,0,0,0,8,0,0,0,0,,0.0,0.0,,0,,,0,0,0,,0,,,0
dxf_evidence_decision,PLAN7,ok,0.3,False,3,0,0,0,3,0,8,0,8,,0.0,0.0,,0,,,0,0,0,,0,,0.0,0
dxf_evidence_decision,PLAN8,ok,21.3,False,5,4,0,4,1,0,0,0,0,0.0,0.8,0.0,4.20985,2,49.97325,53.974,4,0,0,,4,1.0,,0
dxf_evidence_decision,PLAN9,ok,60.7,False,13,0,0,0,13,0,1,0,1,,0.0,0.0,,0,,,0,0,0,,0,,0.0,0
pdf_dxf_reconciled,PLAN1,ok,,,14,14,14,0,0,0,1,0,1,1.0,1.0,1.0,0.00515,8,0.035750000000000004,0.0,12,3,0,0.0,0,,0.0,0
pdf_dxf_reconciled,PLAN2,ok,,,14,14,14,0,0,0,0,0,0,1.0,1.0,1.0,0.0017444444444444443,9,0.006857142857142858,0.0,14,3,0,0.0,0,,,0
pdf_dxf_reconciled,PLAN4,ok,,,13,13,13,0,0,0,0,0,0,1.0,1.0,1.0,0.0007555555555555556,9,0.019307692307692307,0.0,13,10,0,0.0,0,,,0
pdf_dxf_reconciled,PLAN5,ok,,,14,14,14,0,0,0,0,0,0,1.0,1.0,1.0,0.016200000000000003,9,0.6351538461538463,0.003,13,11,0,0.0,0,,,0
pdf_dxf_reconciled,PLAN6,ok,,,8,8,8,0,0,0,0,0,0,1.0,1.0,1.0,0.0015000000000000002,3,0.005,0.0,8,2,0,0.0,0,,,0
pdf_dxf_reconciled,PLAN7,ok,,,3,0,0,0,3,0,8,4,4,,0.0,0.0,,0,,,0,0,0,,0,,0.5,0
pdf_dxf_reconciled,PLAN8,ok,,,5,5,3,2,0,0,0,0,0,0.6,1.0,0.6,2.61055,2,7.616399999999999,0.0,5,1,0,0.0,2,1.0,,0
pdf_dxf_reconciled,PLAN9,ok,,,13,12,12,0,1,0,1,0,1,1.0,0.9230769230769231,0.9230769230769231,0.0221,8,0.7998181818181819,0.0,11,2,0,0.0,0,,0.0,0
pdf_hybrid_vlm_api,PLAN1,ok,95.0,,14,2,2,0,10,2,1,0,1,1.0,0.14285714285714285,0.14285714285714285,,0,0.0,0.0,1,2,0,0.0,0,,0.0,0
pdf_hybrid_vlm_api,PLAN2,ok,91.8,,14,11,11,0,0,3,0,0,0,1.0,0.7857142857142857,0.7857142857142857,0.0012857142857142859,7,0.004727272727272727,0.0,11,11,0,0.0,0,,,0
pdf_hybrid_vlm_api,PLAN4,ok,166.2,,13,12,12,0,0,1,0,0,0,1.0,0.9230769230769231,0.9230769230769231,0.0008500000000000001,8,0.020916666666666667,0.0,12,11,0,0.0,0,,,0
pdf_hybrid_vlm_api,PLAN5,ok,189.2,,14,8,8,0,0,6,0,0,0,1.0,0.5714285714285714,0.5714285714285714,0.015866666666666664,3,0.06828571428571428,0.005,7,8,0,0.0,0,,,0
pdf_hybrid_vlm_api,PLAN6,ok,106.1,,8,8,8,0,0,0,0,0,0,1.0,1.0,1.0,0.0011,3,0.0035,0.0,8,8,0,0.0,0,,,0
pdf_hybrid_vlm_api,PLAN7,ok,84.4,,3,2,1,1,1,0,8,4,4,0.5,0.6666666666666666,0.3333333333333333,0.0,1,16.6665,33.333,2,3,2,0.6666666666666666,0,0.0,0.5,0
pdf_hybrid_vlm_api,PLAN8,ok,85.0,,5,5,3,2,0,0,0,0,0,0.6,1.0,0.6,2.61055,2,7.616399999999999,0.0,5,3,0,0.0,2,1.0,,0
pdf_hybrid_vlm_api,PLAN9,ok,130.1,,13,12,11,1,0,1,1,1,0,0.9166666666666666,0.9230769230769231,0.8461538461538461,0.0193,7,6.835636363636365,0.0,11,13,2,0.15384615384615385,0,0.0,1.0,0
