plan,rule_id,field,op,threshold,gt_value,gt_status,margin,eval_tolerance,fragile,pdf_hybrid_pred_status,pdf_hybrid_field_status,pdf_hybrid_pred_value,dxf_hybrid_pred_status,dxf_hybrid_field_status,dxf_hybrid_pred_value,pdf_legacy_resolver_pred_status,pdf_legacy_resolver_field_status,pdf_legacy_resolver_pred_value
PLAN1,bbmp-2003-t4-residential-front-over9upto12,setbacks.front,>=,1.5,0.47,FAIL,1.03,0.15,False,FAIL,CORRECT,0.47,NOT_APPLICABLE,WRONG,0.0,INSUFFICIENT_DATA,MISSING,
PLAN1,bbmp-2003-t4-residential-left-over12upto18,setbacks.left,>=,1.5,0.46,FAIL,1.04,0.15,False,FAIL,CORRECT,0.46,REQUIRES_REVIEW,WRONG,2.5717,INSUFFICIENT_DATA,MISSING,
PLAN1,bbmp-2003-t4-residential-rear-over9upto12,setbacks.rear,>=,1.5,0.0,FAIL,1.5,0.15,False,FAIL,CORRECT,0.0,NOT_APPLICABLE,WRONG,1.3394,INSUFFICIENT_DATA,MISSING,
PLAN1,bbmp-2003-t4-residential-right-over12upto18,setbacks.right,>=,3.0,0.46,FAIL,2.54,0.15,False,FAIL,CORRECT,0.46,REQUIRES_REVIEW,WRONG,0.0,INSUFFICIENT_DATA,MISSING,
PLAN1,bbmp-2003-t6-residential-A-coverage-upto240,coverage,<=,65.0,86.47,FAIL,21.47,4.3235,False,FAIL,CORRECT,86.46826415453353,REQUIRES_REVIEW,WRONG,65.99222824481943,INSUFFICIENT_DATA,MISSING,
PLAN1,bbmp-2003-t6-residential-A-far-upto240,far,<=,0.75,3.459,FAIL,2.709,0.173,False,FAIL,CORRECT,3.458730566181341,REQUIRES_REVIEW,WRONG,0.6599222824481943,INSUFFICIENT_DATA,MISSING,
PLAN2,bbmp-2003-t4-residential-front-over18upto24,setbacks.front,>=,4.0,1.0,FAIL,3.0,0.15,False,FAIL,CORRECT,1.0,NOT_APPLICABLE,WRONG,0.2065,NOT_APPLICABLE,MISSING,
PLAN2,bbmp-2003-t4-residential-left-over12upto18,setbacks.left,>=,1.5,0.8,FAIL,0.7,0.15,False,FAIL,CORRECT,0.8,NOT_APPLICABLE,WRONG,0.4427,NOT_APPLICABLE,MISSING,
PLAN2,bbmp-2003-t4-residential-rear-over18upto24,setbacks.rear,>=,3.0,0.8,FAIL,2.2,0.15,False,FAIL,CORRECT,0.8,NOT_APPLICABLE,WRONG,0.4072,NOT_APPLICABLE,MISSING,
PLAN2,bbmp-2003-t4-residential-right-over12upto18,setbacks.right,>=,3.0,0.8,FAIL,2.2,0.15,False,FAIL,CORRECT,0.8,NOT_APPLICABLE,WRONG,0.5967,NOT_APPLICABLE,MISSING,
PLAN2,bbmp-2003-t6-residential-A-coverage-upto240,coverage,<=,65.0,78.32,FAIL,13.32,3.916,False,FAIL,CORRECT,78.32,REQUIRES_REVIEW,WRONG,71.06314845948782,NOT_APPLICABLE,WRONG,17.181430646227298
PLAN2,bbmp-2003-t6-residential-A-far-upto240,far,<=,0.75,1.73,FAIL,0.98,0.15,False,FAIL,CORRECT,1.73,REQUIRES_REVIEW,WRONG,0.7106314845948782,NOT_APPLICABLE,WRONG,0.687257225849092
PLAN4,bbmp-2003-highrise-road-12m,road.width,>=,12.0,7.62,FAIL,4.38,0.381,False,FAIL,CORRECT,7.62,INSUFFICIENT_DATA,CORRECT,7.62,CONFLICTING_EVIDENCE,ABSTAINED_CONFLICT,
PLAN4,bbmp-2003-highrise-site-depth-21m,plot.depth,>=,21.0,16.6116,FAIL,4.3884,0.8306,False,FAIL,CORRECT,16.6116,INSUFFICIENT_DATA,WRONG,7.5448,PASS,WRONG,47.5348
PLAN4,bbmp-2003-highrise-site-width-21m,plot.width,>=,21.0,18.288,FAIL,2.712,0.9144,False,FAIL,CORRECT,18.288,INSUFFICIENT_DATA,WRONG,4.111,PASS,WRONG,84.2382
PLAN4,bbmp-2003-t4-residential-front-over12upto18,setbacks.front,>=,3.0,0.9144,FAIL,2.0856,0.15,False,FAIL,CORRECT,0.9144,NOT_APPLICABLE,MISSING,,NOT_APPLICABLE,WRONG,15.0682
PLAN4,bbmp-2003-t4-residential-left-over18upto24,setbacks.left,>=,2.5,2.667,PASS,0.167,0.15,False,PASS,CORRECT,2.6637,NOT_APPLICABLE,MISSING,,NOT_APPLICABLE,WRONG,3.9978
PLAN4,bbmp-2003-t4-residential-rear-over12upto18,setbacks.rear,>=,1.5,0.9144,FAIL,0.5856,0.15,False,FAIL,CORRECT,0.9144,NOT_APPLICABLE,MISSING,,NOT_APPLICABLE,WRONG,27.3404
PLAN4,bbmp-2003-t4-residential-right-over18upto24,setbacks.right,>=,3.5,2.667,FAIL,0.833,0.15,False,FAIL,CORRECT,2.6703,NOT_APPLICABLE,MISSING,,NOT_APPLICABLE,WRONG,52.1668
PLAN4,bbmp-2003-t6-residential-A-coverage-over240upto500,coverage,<=,60.0,61.1,FAIL,1.1,3.055,True,FAIL,CORRECT,61.101418743210765,INSUFFICIENT_DATA,MISSING,,NOT_APPLICABLE,WRONG,50.40404360771041
PLAN5,bbmp-2003-t4-residential-front-over9upto12,setbacks.front,>=,1.5,3.0,PASS,1.5,0.15,False,PASS,CORRECT,3.0,NOT_APPLICABLE,MISSING,,NOT_APPLICABLE,MISSING,
PLAN5,bbmp-2003-t4-residential-left-over12upto18,setbacks.left,>=,1.5,1.0,FAIL,0.5,0.15,False,FAIL,CORRECT,1.0724,NOT_APPLICABLE,MISSING,,NOT_APPLICABLE,MISSING,
PLAN5,bbmp-2003-t4-residential-rear-over9upto12,setbacks.rear,>=,1.5,1.5,PASS,0.0,0.15,True,PASS,CORRECT,1.5,NOT_APPLICABLE,MISSING,,NOT_APPLICABLE,MISSING,
PLAN5,bbmp-2003-t4-residential-right-over12upto18,setbacks.right,>=,3.0,1.0,FAIL,2.0,0.15,False,FAIL,CORRECT,0.9977,NOT_APPLICABLE,MISSING,,NOT_APPLICABLE,MISSING,
PLAN5,bbmp-2003-t6-residential-A-coverage-upto240,coverage,<=,65.0,58.11,PASS,6.89,2.9055,False,PASS,CORRECT,58.13273620700379,INSUFFICIENT_DATA,MISSING,,PASS,WRONG,7.267587236424706
PLAN6,bbmp-2003-t6-residential-A-coverage-upto240,coverage,<=,65.0,79.15,FAIL,14.15,3.9575,False,FAIL,CORRECT,79.15,REQUIRES_REVIEW,WRONG,16.889667887696046,INSUFFICIENT_DATA,MISSING,
PLAN6,bbmp-2003-t6-residential-A-far-upto240,far,<=,0.75,1.74,FAIL,0.99,0.15,False,FAIL,CORRECT,1.74,REQUIRES_REVIEW,WRONG,0.16889667887696047,INSUFFICIENT_DATA,MISSING,
PLAN9,bbmp-2003-t4-residential-front-over12upto18,setbacks.front,>=,3.0,1.5,FAIL,1.5,0.15,False,FAIL,CORRECT,1.5047,REQUIRES_REVIEW,WRONG,3.7999,NOT_APPLICABLE,WRONG,0.443
PLAN9,bbmp-2003-t4-residential-left-over9upto12,setbacks.left,>=,1.5,1.0,FAIL,0.5,0.15,False,FAIL,CORRECT,1.0,NOT_APPLICABLE,WRONG,0.239,NOT_APPLICABLE,WRONG,0.005
PLAN9,bbmp-2003-t4-residential-rear-over12upto18,setbacks.rear,>=,1.5,1.5,PASS,0.0,0.15,True,FAIL,CORRECT,1.3779,REQUIRES_REVIEW,WRONG,5.7596,NOT_APPLICABLE,WRONG,0.2383
PLAN9,bbmp-2003-t4-residential-right-over9upto12,setbacks.right,>=,1.5,1.0,FAIL,0.5,0.15,False,FAIL,CORRECT,1.0,NOT_APPLICABLE,WRONG,0.0,NOT_APPLICABLE,MISSING,
PLAN9,bbmp-2003-t6-residential-A-coverage-upto240,coverage,<=,65.0,63.8,PASS,1.2,3.19,True,PASS,CORRECT,63.8016082167714,REQUIRES_REVIEW,WRONG,38.43575309919498,PASS,CORRECT,63.8016082167714
